feature_name,category,description,formula,input_columns,output_type,used_by
district,source,District name (canonical spelling from geography dataset).,pass-through,district,str,"analytics, exclude"
year,source,Calendar year of the observation.,pass-through,year,int,"ml, analytics"
month,source,Calendar month number (1–12).,pass-through,month,int,"ml, analytics"
reporting_month,source,Reporting period in YYYY-MM format.,pass-through,reporting_month,str,"analytics, exclude"
units,source,Total electricity units consumed in the district-month (MWh or kWh).,pass-through,units,float,"ml, analytics"
load,source,Total connected load in the district-month (kVA or kW).,pass-through,load,float,"ml, analytics"
total_services,source,Total number of electricity service connections in the district.,pass-through,total_services,int,"ml, analytics"
billed_services,source,Number of service connections that received a bill in this month.,pass-through,billed_services,float,"ml, analytics"
circle_count,source,Number of DISCOMS circles present in the district.,pass-through,circle_count,int,"ml, analytics"
division_count,source,Number of DISCOMS divisions present in the district.,pass-through,division_count,int,"ml, analytics"
subdivision_count,source,Number of DISCOMS subdivisions present in the district.,pass-through,subdivision_count,int,"ml, analytics"
charging_station_count,source,Number of EV charging stations registered in the district.,pass-through,charging_station_count,int,"ml, analytics"
latitude,source,Approximate latitude of the district centroid.,pass-through,latitude,float,"ml, analytics"
longitude,source,Approximate longitude of the district centroid.,pass-through,longitude,float,"ml, analytics"
district_area_sqkm,source,Geographic area of the district in square kilometres.,pass-through,district_area_sqkm,float,"ml, analytics"
quarter,temporal,"Calendar quarter of the observation (Q1=Jan-Mar, Q2=Apr-Jun, Q3=Jul-Sep, Q4=Oct-Dec).",ceil(month / 3),month,int,"ml, analytics"
season,temporal,"Telangana meteorological season: Summer (Mar-May), Monsoon (Jun-Sep), Post-Monsoon (Oct-Nov), Winter (Dec-Feb).","lookup(month, season_map)",month,str,"analytics, exclude"
month_name,temporal,Full English month name derived from the month number.,"lookup(month, month_names)",month,str,"analytics, exclude"
year_index,temporal,Zero-based year index relative to the earliest year in the dataset. Acts as a monotone linear time regressor.,year - min(year),year,int,"ml, analytics"
month_of_year,temporal,"Month number (1–12), explicit alias of the source 'month' column for clarity in feature selection.",month,month,int,"ml, analytics"
is_first_month,temporal,"Binary flag: 1 if this row is the earliest reporting_month for the district, else 0.",1 if reporting_month == min(reporting_month) per district else 0,"district, reporting_month",int,"ml, analytics"
is_last_month,temporal,"Binary flag: 1 if this row is the latest reporting_month for the district, else 0.",1 if reporting_month == max(reporting_month) per district else 0,"district, reporting_month",int,"ml, analytics"
stations_per_sqkm,infrastructure,EV charging station density: number of charging stations per square kilometre of district area.,charging_station_count / district_area_sqkm,"charging_station_count, district_area_sqkm",float,"ml, analytics"
units_per_station,infrastructure,Electricity intensity per charging station: monthly units consumed divided by number of charging stations. NaN if stations == 0.,units / charging_station_count,"units, charging_station_count",float,"ml, analytics"
load_per_station,infrastructure,Connected load per charging station (kVA/station). NaN if stations == 0.,load / charging_station_count,"load, charging_station_count",float,"ml, analytics"
services_per_station,infrastructure,Number of service connections per charging station. NaN if stations == 0.,total_services / charging_station_count,"total_services, charging_station_count",float,"ml, analytics"
billed_service_ratio,utilization,Fraction of total services that were billed in the reporting month (0–1). NaN if total_services == 0.,billed_services / total_services,"billed_services, total_services",float,"ml, analytics"
average_units_per_service,utilization,Average electricity units consumed per total service connection. NaN if total_services == 0.,units / total_services,"units, total_services",float,"ml, analytics"
average_load_per_service,utilization,Average connected load per total service connection (kVA). NaN if total_services == 0.,load / total_services,"load, total_services",float,"ml, analytics"
average_units_per_billed_service,utilization,Average electricity units consumed per *billed* service connection. NaN if billed_services == 0.,units / billed_services,"units, billed_services",float,"ml, analytics"
previous_month_units,rolling,Electricity units from the immediately preceding month for the same district (lag-1). NaN for the first observation per district.,units.shift(1) per district,"district, reporting_month, units",float,"ml, analytics"
previous_month_load,rolling,Connected load from the immediately preceding month for the same district (lag-1). NaN for the first observation per district.,load.shift(1) per district,"district, reporting_month, load",float,"ml, analytics"
rolling_average_3m,rolling,"3-month trailing mean of units for the district, computed over the 3 months preceding the current month (t-3 to t-1). Historical only.","mean(units.shift(1), window=3, min_periods=1) per district","district, reporting_month, units",float,"ml, analytics"
rolling_average_6m,rolling,6-month trailing mean of units for the district (t-6 to t-1). Historical only.,"mean(units.shift(1), window=6, min_periods=1) per district","district, reporting_month, units",float,"ml, analytics"
rolling_average_12m,rolling,12-month trailing mean of units for the district (t-12 to t-1). Historical only.,"mean(units.shift(1), window=12, min_periods=1) per district","district, reporting_month, units",float,"ml, analytics"
rolling_std_3m,rolling,3-month trailing standard deviation of units (t-3 to t-1). NaN if fewer than 3 prior observations exist for the district.,"std(units.shift(1), window=3, min_periods=3) per district","district, reporting_month, units",float,"ml, analytics"
rolling_std_6m,rolling,6-month trailing standard deviation of units (t-6 to t-1). NaN if fewer than 6 prior observations exist for the district.,"std(units.shift(1), window=6, min_periods=6) per district","district, reporting_month, units",float,"ml, analytics"
rolling_max_6m,rolling,6-month trailing maximum of units (t-6 to t-1). NaN if fewer than 6 prior observations exist for the district.,"max(units.shift(1), window=6, min_periods=6) per district","district, reporting_month, units",float,"ml, analytics"
rolling_min_6m,rolling,6-month trailing minimum of units (t-6 to t-1). NaN if fewer than 6 prior observations exist for the district.,"min(units.shift(1), window=6, min_periods=6) per district","district, reporting_month, units",float,"ml, analytics"
monthly_growth_rate,growth,Month-on-month percentage change in electricity units for the district: 100 × (units_t − units_{t-1}) / units_{t-1}. NaN for the first observation or when previous month units == 0.,100 * (units - units.shift(1)) / units.shift(1) per district,"district, reporting_month, units",float,"ml, analytics"
monthly_load_growth,growth,Month-on-month percentage change in connected load for the district. NaN for the first observation or when previous month load == 0.,100 * (load - load.shift(1)) / load.shift(1) per district,"district, reporting_month, load",float,"ml, analytics"
cumulative_units,growth,Running total of electricity units consumed by the district from its first observation up to the month preceding the current month.,cumsum(units.shift(1)) per district,"district, reporting_month, units",float,"ml, analytics"
cumulative_load,growth,Running total of connected load for the district from its first observation up to the month preceding the current month.,cumsum(load.shift(1)) per district,"district, reporting_month, load",float,"ml, analytics"
