circle,division,subdivision,section,area,catdesc,catcode,totservices,billdservices,units,load
BANJARA HILLS,GREEN LANDS,GREENLANDS,BEGUMPET,GRC. SHYAMLAL,EV CHARGING STATIONS,9,1,1,101,22
BANJARA HILLS,BANJARA HILLS,AMEERPET,YOUSUFGUDA,PRAGATHINAGAR-1,EV CHARGING STATIONS,9,1,1,34,8
BANJARA HILLS,BANJARA HILLS,JUBILEE HILLS,JUBILEE HILLS,GRC HIGH VALUES,EV CHARGING STATIONS,9,2,2,539,65
CYBERCITY,KONDAPUR,KONDAPUR,ALLAPUR,SOCIETY HV2,EV CHARGING STATIONS,9,1,1,6,15
HABSIGUDA,HABSIGUDA,HABSIGUDA,NACHARAM,NACHARAM,EV CHARGING STATIONS,9,1,1,3,15
HABSIGUDA,KEESARA,GHATKESAR,GHATKESAR,GHATKESAR,EV CHARGING STATIONS,9,1,1,0,30
HYDERABAD CENTRAL,AZAMABAD,BARKATPURA,SHANKARMUTT,GRC HV SHANKARMUTT,EV CHARGING STATIONS,9,1,1,14,15
HYDERABAD CENTRAL,SAIFABAD,SAIFABAD,SOMAJIGUDA,30-NO AREA,EV CHARGING STATIONS,9,1,1,37,22
HYDERABAD SOUTH,BEGUM BAZAR,BEGUM BAZAR,CHUDI BAZAR,GRCHV CHUDIBAZAR,EV CHARGING STATIONS,9,1,,0,22
MEDCHAL,MEDCHAL,QUTBULLAPUR,KOMPALLY,KOMPALLY HV,EV CHARGING STATIONS,9,1,1,431,22
MEDCHAL,KUKATPALLY,MIYAPUR,BACHUPALLY,CT&HV,EV CHARGING STATIONS,9,1,1,14,22
MEDCHAL,MEDCHAL,SHAMEERPET,SHAMEERPET,THUMUKUNTA,EV CHARGING STATIONS,9,1,1,23,30
MEDCHAL,KUKATPALLY,MIYAPUR,HYDERNAGAR,HYDERNAGAR CT METERS,EV CHARGING STATIONS,9,1,1,20,15
RAJENDRA NAGAR,KANDUKUR,MAMIDIPALLY,MAHESHWARAM,IMAMGUDA,EV CHARGING STATIONS,9,1,1,64,15
RAJENDRA NAGAR,KANDUKUR,MAMIDIPALLY,PAHADISHARIFF,SHAHEEN NAGAR II,EV CHARGING STATIONS,9,1,1,42,15
RAJENDRA NAGAR,RAJENDRA NAGAR,GAGANPAHAD,GAGANPAHAD,GAGANPAHAD,EV CHARGING STATIONS,9,1,1,13,22
SAROORNAGAR,SAROORNAGAR,HAYATHNAGAR,PEDDA AMBERPET,SAI COLONY,EV CHARGING STATIONS,9,1,1,3,22
SAROORNAGAR,IBRAHIMPATNAM,TURKAYAMJAL,TURKAYAMZAL,NADELGUL,EV CHARGING STATIONS,9,1,1,21,30
SAROORNAGAR,SAROORNAGAR,L B NAGAR,L.B.NAGAR,KRISHNA NAGAR-,EV CHARGING STATIONS,9,1,1,1,7
SAROORNAGAR,CHAMPAPET,VANASTHALIPURAM,BN REDDY NAGAR,HASTINAPURAM CENTR,EV CHARGING STATIONS,9,1,1,0,22
SAROORNAGAR,CHAMPAPET,CHAMPAPET,CHAMPAPET,CPT SOUTH,EV CHARGING STATIONS,9,1,1,33,22
SECUNDERABAD,SECUNDERABAD,LALBAZAR,BOLLARUM,GRC HIGH VALUE (GRP-M),EV CHARGING STATIONS,9,1,,0,10